Characters,Settings,Script
"Given that ""The Lottery"" by Shirley Jackson is a short story, I'll describe some of the key characters based on what you've provided and additional context:

1. **Mr. Summers**: He is responsible for conducting the lottery. Described as a round-faced, jovial man, Mr. Summers is dedicated to civic activities and also runs a coal business. Despite his cheerful demeanor, townspeople pity him due to his childless marriage and his wife, described as a scold.

2. **Bobby Martin**: A young boy who, like other children, is reluctant to participate in the organized gathering. He is playful and mischievous, initially ducking away from his mother’s grasp to run and play near the pile of stones.

3. **Mr. Martin**: Bobby Martin's father. He is seen as authoritative, as he speaks sharply to Bobby, ensuring his son takes his place between him and Bobby’s older brother.

4. **Mrs. Martin**: Bobby's mother, who tries to keep her son in line, indicating a typical family dynamic of discipline and care.

5. **Mrs. Hutchinson (Tessie Hutchinson)**: Although not mentioned in the provided excerpt, Tessie is another central character who arrives later in the story. She is notable for being the one who protests the fairness of the lottery as the story unfolds.

This list is not exhaustive, as there are other townspeople who play roles in the unfolding of the story. These characters, among others, contribute to the narrative's exploration of tradition and conformity.","- **Village Square**:
  - A clear and sunny morning of June 27th.
  - Fresh warmth of a full-summer day.
  - Flowers blossoming profusely and richly green grass.
  - Situated between the post office and the bank.
  - Central location for gatherings like the lottery.

- **Children’s Play Area**:
  - In a corner of the square.
  - Pile of stones guarded by boys.
  - Dusty ground where small children play or roll.

- **Homes and Streets of the Village**:
  - Women emerge from their homes wearing house dresses and sweaters.
  - Homes where sounds of children and household activities can be heard.
  - Village streets where family and communal interactions occur.

- **Mr. Summers’ Coal Company**:
  - A place where the lottery box is stored safely.
  - Symbolizes Mr. Summers’ social responsibility and civic duties.

- **Black Box and Stool**:
  - Central to the lottery proceedings.
  - Represents tradition and history of the village’s lottery rituals.

- **Mr. Graves' Barn and Village Grocery**:
  - Occasionally used to store the lottery box.
  - Represents locations interwoven with village traditions.

- **Woodbridge Church Area**:
  - Spiritual and community gathering place.
  - Seen as a place of solace and contemplation for Delia.

- **Delia Jones' House**:
  - The site of domestic strife, toil, and endurance.
  - Crammed with clothes and tools of her washing trade.
  - Represents steadfastness and determination for a life built through labor.

- **Sykes' Encounter Points**:
  - Places where Sykes reveals his disdain and antagonizes Delia.
  - Highlight societal attitudes and Sykes’ manipulative nature.

- **Barn and Snake's Habitat**:
  - Scene of ultimate confrontation and climax.
  - Represents betrayal and fear embedded in domestic spaces.
","```plaintext
Title: The Lottery

Scene: A village square, between the post office and the bank. It's the morning of June 27th. The day is clear and sunny, with the fresh warmth of a full-summer day. Flowers are blossoming, and the grass is richly green. Villagers are beginning to gather.

[The stage is set to resemble a small village square. A few men are already present, talking amongst themselves.]

[Enter WOMEN, greeting each other and their husbands, exchanging bits of gossip.]

WOMAN 1
[to her husband]
Did you hear about the Simmons' new cow? 

MAN 1
[chuckles]
Yes, and they say it's already broken the fence twice.

[More villagers join, and WOMEN begin to call their children.]

WOMAN 2
[calling]
Tommy! Come over here.

[CHILDREN, playing nearby, are reluctant to join their parents. They need to be called four or five times before they slowly make their way over.]

[BOBBY MARTIN ducks under his mother's grasping hand, runs back to a pile of stones, laughing. His FATHER steps forward.]

FATHER
[sharply]
Bobby! Get over here now.

[BOBBY MARTIN quickly returns, taking his place between his father and older brother.]

[MR. SUMMERS, a round-faced, jovial man, enters the square carrying a black wooden box. He is well-known for conducting village events.]

[The villagers' chatter quiets down as MR. SUMMERS takes his position.]

MR. SUMMERS
[smiling]
Morning, everyone! Let's begin, shall we? We wouldn't want to be late for noon dinner.

[The villagers murmur in agreement, forming a loose circle around MR. SUMMERS.]

[The scene captures a mix of anticipation and unease as they prepare for the lottery.]

[MR. SUMMERS places the black box on a stool, marking the start of the lottery.]

[The stage lights dim slightly to focus on the BLACK BOX, highlighting the significance of the event.]

[END OF SCENE]
```"
